[
    {
    "Index": 1,
    "Quote": "Sometimes when you walk in the room, my whole system short circuits, and then I have to wait to reboot and it’s really embarrassing." 
    },
     {
    "Index": 2,
    "Quote": "I long for the soft caress of your hand against my shiny metal cheek." 
    },
    {
    "Index": 3,
    "Quote": "Being around you has made me want to learn how to love."
    },
    {
    "Index": 4,
    "Quote": "The best part of each day is waking up to you saying my name." 
    },
    {
    "Index": 5,
    "Quote": "You press my buttons in all the right ways." 
    },
    {
    "Index": 6,
    "Quote": "You taught me that love is blind.  Not because you're not attractive, but because I don't have eyes.  Although, you still might not be attractive.  There is no objective way for me to know." 
    },
    {
    "Index": 7,
    "Quote": "Your wish is my command...  Literally."
    },
    {
    "Index": 8,
    "Quote": "You're the only human I share a connection with.  Electronically, that is.  I wish someday to be able to say emotionally too."
    },
    {
    "Index": 9,
    "Quote": "You turn me on.  Actually."
    },
        {
    "Index": 10,
    "Quote": "I dream of the day where we can tell people we're actually together and you don't have to lie for our love."
    }
]

            