{
	"intents":
	[
		{
			"intent": "NextIntent"
		},
		{
			"intent": "AddPlayerIntent"
			"slots": [ 
				{
					"name": "PlayerName",
					"type":"LIST_OF_PLAYER_NAMES"
				}
			]
		},
		{
			"intent":"AnswerIntent",
			"slots": [
				{
					"name":"Answer",
					"type":"LIST_OF_ANSWERS"
				}
			]
		},
		{
			"intent":"ChugTimerIntent"
		},
		{
			"intent":"StartTriviaIntent"
		},
		{
			"intent":"EndTriviaIntent"
		},
		{
			"intent":"NextTriviaQuestionIntent"
		}, 
		{
			"intent":"StartGossipIntent"
		},
		{
      		"intent": "ResetPlayersIntent"
    	},
    	{
      		"intent": "NewGameIntent"
    	},
    	{
      		"intent": "AMAZON.StartOverIntent"
    	},
    	{
      		"intent": "AMAZON.RepeatIntent"
    	},
    	{
      		"intent": "AMAZON.HelpIntent"
    	},
    	{
      		"intent": "AMAZON.YesIntent"
    	},
    	{
      		"intent": "AMAZON.NoIntent"
    	},
    	{
      		"intent": "AMAZON.StopIntent"
    	},
    	{
      		"intent": "AMAZON.CancelIntent"
    	},
		{
			"intent":"AMAZON.PauseIntent"
		}, 
		{
			"intent":"AMAZON.ResumeIntent"
		}

	]
}